{"inputUnits":[252],"outputUnits":7,"inputs":{"0":{"dtype":"number","min":0.010942760942760943,"max":0.24074074074074073},"1":{"dtype":"number","min":0.0101010101010101,"max":0.1313131313131313},"2":{"dtype":"number","min":0.022727272727272728,"max":0.22727272727272727},"3":{"dtype":"number","min":0.0101010101010101,"max":0.07828282828282829},"4":{"dtype":"number","min":0.04545454545454545,"max":0.1616161616161616},"5":{"dtype":"number","min":0.06734006734006734,"max":0.2222222222222222},"6":{"dtype":"number","min":0,"max":0.10416666666666666},"7":{"dtype":"number","min":0.010942760942760943,"max":0.24074074074074073},"8":{"dtype":"number","min":0.0101010101010101,"max":0.1313131313131313},"9":{"dtype":"number","min":0.022727272727272728,"max":0.22727272727272727},"10":{"dtype":"number","min":0.0101010101010101,"max":0.07828282828282829},"11":{"dtype":"number","min":0.04545454545454545,"max":0.1616161616161616},"12":{"dtype":"number","min":0.06734006734006734,"max":0.2222222222222222},"13":{"dtype":"number","min":0,"max":0.10416666666666666},"14":{"dtype":"number","min":0.010942760942760943,"max":0.24074074074074073},"15":{"dtype":"number","min":0.0101010101010101,"max":0.1313131313131313},"16":{"dtype":"number","min":0.022727272727272728,"max":0.22727272727272727},"17":{"dtype":"number","min":0.0101010101010101,"max":0.07828282828282829},"18":{"dtype":"number","min":0.04545454545454545,"max":0.1616161616161616},"19":{"dtype":"number","min":0.06734006734006734,"max":0.2222222222222222},"20":{"dtype":"number","min":0,"max":0.10416666666666666},"21":{"dtype":"number","min":0.010942760942760943,"max":0.24074074074074073},"22":{"dtype":"number","min":0.0101010101010101,"max":0.1313131313131313},"23":{"dtype":"number","min":0.022727272727272728,"max":0.22727272727272727},"24":{"dtype":"number","min":0.0101010101010101,"max":0.07828282828282829},"25":{"dtype":"number","min":0.04545454545454545,"max":0.1616161616161616},"26":{"dtype":"number","min":0.06734006734006734,"max":0.2222222222222222},"27":{"dtype":"number","min":0,"max":0.10416666666666666},"28":{"dtype":"number","min":0.010942760942760943,"max":0.24074074074074073},"29":{"dtype":"number","min":0.0101010101010101,"max":0.1313131313131313},"30":{"dtype":"number","min":0.022727272727272728,"max":0.22727272727272727},"31":{"dtype":"number","min":0.0101010101010101,"max":0.07828282828282829},"32":{"dtype":"number","min":0.04545454545454545,"max":0.1616161616161616},"33":{"dtype":"number","min":0.06734006734006734,"max":0.2222222222222222},"34":{"dtype":"number","min":0,"max":0.10416666666666666},"35":{"dtype":"number","min":0.010942760942760943,"max":0.24074074074074073},"36":{"dtype":"number","min":0.0101010101010101,"max":0.1313131313131313},"37":{"dtype":"number","min":0.022727272727272728,"max":0.22727272727272727},"38":{"dtype":"number","min":0.0101010101010101,"max":0.07828282828282829},"39":{"dtype":"number","min":0.04545454545454545,"max":0.1616161616161616},"40":{"dtype":"number","min":0.06734006734006734,"max":0.2222222222222222},"41":{"dtype":"number","min":0,"max":0.10416666666666666},"42":{"dtype":"number","min":0.010942760942760943,"max":0.24074074074074073},"43":{"dtype":"number","min":0.0101010101010101,"max":0.1313131313131313},"44":{"dtype":"number","min":0.022727272727272728,"max":0.22727272727272727},"45":{"dtype":"number","min":0.0101010101010101,"max":0.07828282828282829},"46":{"dtype":"number","min":0.04545454545454545,"max":0.1616161616161616},"47":{"dtype":"number","min":0.06734006734006734,"max":0.2222222222222222},"48":{"dtype":"number","min":0,"max":0.10416666666666666},"49":{"dtype":"number","min":0.010942760942760943,"max":0.24074074074074073},"50":{"dtype":"number","min":0.0101010101010101,"max":0.1313131313131313},"51":{"dtype":"number","min":0.022727272727272728,"max":0.22727272727272727},"52":{"dtype":"number","min":0.0101010101010101,"max":0.07828282828282829},"53":{"dtype":"number","min":0.04545454545454545,"max":0.1616161616161616},"54":{"dtype":"number","min":0.06734006734006734,"max":0.2222222222222222},"55":{"dtype":"number","min":0,"max":0.10416666666666666},"56":{"dtype":"number","min":0.010942760942760943,"max":0.24074074074074073},"57":{"dtype":"number","min":0.0101010101010101,"max":0.1313131313131313},"58":{"dtype":"number","min":0.022727272727272728,"max":0.22727272727272727},"59":{"dtype":"number","min":0.0101010101010101,"max":0.07828282828282829},"60":{"dtype":"number","min":0.04545454545454545,"max":0.1616161616161616},"61":{"dtype":"number","min":0.06734006734006734,"max":0.2222222222222222},"62":{"dtype":"number","min":0,"max":0.10416666666666666},"63":{"dtype":"number","min":0.010942760942760943,"max":0.24074074074074073},"64":{"dtype":"number","min":0.0101010101010101,"max":0.1313131313131313},"65":{"dtype":"number","min":0.022727272727272728,"max":0.22727272727272727},"66":{"dtype":"number","min":0.0101010101010101,"max":0.07828282828282829},"67":{"dtype":"number","min":0.04545454545454545,"max":0.1616161616161616},"68":{"dtype":"number","min":0.06734006734006734,"max":0.2222222222222222},"69":{"dtype":"number","min":0,"max":0.10416666666666666},"70":{"dtype":"number","min":0.010942760942760943,"max":0.24074074074074073},"71":{"dtype":"number","min":0.0101010101010101,"max":0.1313131313131313},"72":{"dtype":"number","min":0.022727272727272728,"max":0.22727272727272727},"73":{"dtype":"number","min":0.0101010101010101,"max":0.07828282828282829},"74":{"dtype":"number","min":0.04545454545454545,"max":0.1616161616161616},"75":{"dtype":"number","min":0.06734006734006734,"max":0.2222222222222222},"76":{"dtype":"number","min":0,"max":0.10416666666666666},"77":{"dtype":"number","min":0.010942760942760943,"max":0.24074074074074073},"78":{"dtype":"number","min":0.0101010101010101,"max":0.1313131313131313},"79":{"dtype":"number","min":0.022727272727272728,"max":0.22727272727272727},"80":{"dtype":"number","min":0.0101010101010101,"max":0.07828282828282829},"81":{"dtype":"number","min":0.04545454545454545,"max":0.1616161616161616},"82":{"dtype":"number","min":0.06734006734006734,"max":0.2222222222222222},"83":{"dtype":"number","min":0,"max":0.10416666666666666},"84":{"dtype":"number","min":0.010942760942760943,"max":0.24074074074074073},"85":{"dtype":"number","min":0.0101010101010101,"max":0.1313131313131313},"86":{"dtype":"number","min":0.022727272727272728,"max":0.22727272727272727},"87":{"dtype":"number","min":0.0101010101010101,"max":0.07828282828282829},"88":{"dtype":"number","min":0.04545454545454545,"max":0.1616161616161616},"89":{"dtype":"number","min":0.06734006734006734,"max":0.2222222222222222},"90":{"dtype":"number","min":0,"max":0.10416666666666666},"91":{"dtype":"number","min":0.010942760942760943,"max":0.24074074074074073},"92":{"dtype":"number","min":0.0101010101010101,"max":0.1313131313131313},"93":{"dtype":"number","min":0.022727272727272728,"max":0.22727272727272727},"94":{"dtype":"number","min":0.0101010101010101,"max":0.07828282828282829},"95":{"dtype":"number","min":0.04545454545454545,"max":0.1616161616161616},"96":{"dtype":"number","min":0.06734006734006734,"max":0.2222222222222222},"97":{"dtype":"number","min":0,"max":0.10416666666666666},"98":{"dtype":"number","min":0.010942760942760943,"max":0.24074074074074073},"99":{"dtype":"number","min":0.0101010101010101,"max":0.1313131313131313},"100":{"dtype":"number","min":0.022727272727272728,"max":0.22727272727272727},"101":{"dtype":"number","min":0.0101010101010101,"max":0.07828282828282829},"102":{"dtype":"number","min":0.04545454545454545,"max":0.1616161616161616},"103":{"dtype":"number","min":0.06734006734006734,"max":0.2222222222222222},"104":{"dtype":"number","min":0,"max":0.10416666666666666},"105":{"dtype":"number","min":0.010942760942760943,"max":0.24074074074074073},"106":{"dtype":"number","min":0.0101010101010101,"max":0.1313131313131313},"107":{"dtype":"number","min":0.022727272727272728,"max":0.22727272727272727},"108":{"dtype":"number","min":0.0101010101010101,