{"inputUnits":[189],"outputUnits":7,"inputs":{"0":{"dtype":"number","min":0.006734006734006734,"max":0.14814814814814814},"1":{"dtype":"number","min":0.006734006734006734,"max":0.08754208754208753},"2":{"dtype":"number","min":0.02356902356902357,"max":0.23569023569023567},"3":{"dtype":"number","min":0.017957351290684622,"max":0.13916947250280584},"4":{"dtype":"number","min":0.0404040404040404,"max":0.14365881032547698},"5":{"dtype":"number","min":0.04489337822671156,"max":0.14814814814814814},"6":{"dtype":"number","min":0,"max":0.10416666666666666},"7":{"dtype":"number","min":0.006734006734006734,"max":0.14814814814814814},"8":{"dtype":"number","min":0.006734006734006734,"max":0.08754208754208753},"9":{"dtype":"number","min":0.02356902356902357,"max":0.23569023569023567},"10":{"dtype":"number","min":0.017957351290684622,"max":0.13916947250280584},"11":{"dtype":"number","min":0.0404040404040404,"max":0.14365881032547698},"12":{"dtype":"number","min":0.04489337822671156,"max":0.14814814814814814},"13":{"dtype":"number","min":0,"max":0.10416666666666666},"14":{"dtype":"number","min":0.006734006734006734,"max":0.14814814814814814},"15":{"dtype":"number","min":0.006734006734006734,"max":0.08754208754208753},"16":{"dtype":"number","min":0.02356902356902357,"max":0.23569023569023567},"17":{"dtype":"number","min":0.017957351290684622,"max":0.13916947250280584},"18":{"dtype":"number","min":0.0404040404040404,"max":0.14365881032547698},"19":{"dtype":"number","min":0.04489337822671156,"max":0.14814814814814814},"20":{"dtype":"number","min":0,"max":0.10416666666666666},"21":{"dtype":"number","min":0.006734006734006734,"max":0.14814814814814814},"22":{"dtype":"number","min":0.006734006734006734,"max":0.08754208754208753},"23":{"dtype":"number","min":0.02356902356902357,"max":0.23569023569023567},"24":{"dtype":"number","min":0.017957351290684622,"max":0.13916947250280584},"25":{"dtype":"number","min":0.0404040404040404,"max":0.14365881032547698},"26":{"dtype":"number","min":0.04489337822671156,"max":0.14814814814814814},"27":{"dtype":"number","min":0,"max":0.10416666666666666},"28":{"dtype":"number","min":0.006734006734006734,"max":0.14814814814814814},"29":{"dtype":"number","min":0.006734006734006734,"max":0.08754208754208753},"30":{"dtype":"number","min":0.02356902356902357,"max":0.23569023569023567},"31":{"dtype":"number","min":0.017957351290684622,"max":0.13916947250280584},"32":{"dtype":"number","min":0.0404040404040404,"max":0.14365881032547698},"33":{"dtype":"number","min":0.04489337822671156,"max":0.14814814814814814},"34":{"dtype":"number","min":0,"max":0.10416666666666666},"35":{"dtype":"number","min":0.006734006734006734,"max":0.14814814814814814},"36":{"dtype":"number","min":0.006734006734006734,"max":0.08754208754208753},"37":{"dtype":"number","min":0.02356902356902357,"max":0.23569023569023567},"38":{"dtype":"number","min":0.017957351290684622,"max":0.13916947250280584},"39":{"dtype":"number","min":0.0404040404040404,"max":0.14365881032547698},"40":{"dtype":"number","min":0.04489337822671156,"max":0.14814814814814814},"41":{"dtype":"number","min":0,"max":0.10416666666666666},"42":{"dtype":"number","min":0.006734006734006734,"max":0.14814814814814814},"43":{"dtype":"number","min":0.006734006734006734,"max":0.08754208754208753},"44":{"dtype":"number","min":0.02356902356902357,"max":0.23569023569023567},"45":{"dtype":"number","min":0.017957351290684622,"max":0.13916947250280584},"46":{"dtype":"number","min":0.0404040404040404,"max":0.14365881032547698},"47":{"dtype":"number","min":0.04489337822671156,"max":0.14814814814814814},"48":{"dtype":"number","min":0,"max":0.10416666666666666},"49":{"dtype":"number","min":0.006734006734006734,"max":0.14814814814814814},"50":{"dtype":"number","min":0.006734006734006734,"max":0.08754208754208753},"51":{"dtype":"number","min":0.02356902356902357,"max":0.23569023569023567},"52":{"dtype":"number","min":0.017957351290684622,"max":0.13916947250280584},"53":{"dtype":"number","min":0.0404040404040404,"max":0.14365881032547698},"54":{"dtype":"number","min":0.04489337822671156,"max":0.14814814814814814},"55":{"dtype":"number","min":0,"max":0.10416666666666666},"56":{"dtype":"number","min":0.006734006734006734,"max":0.14814814814814814},"57":{"dtype":"number","min":0.006734006734006734,"max":0.08754208754208753},"58":{"dtype":"number","min":0.02356902356902357,"max":0.23569023569023567},"59":{"dtype":"number","min":0.017957351290684622,"max":0.13916947250280584},"60":{"dtype":"number","min":0.0404040404040404,"max":0.14365881032547698},"61":{"dtype":"number","min":0.04489337822671156,"max":0.14814814814814814},"62":{"dtype":"number","min":0,"max":0.10416666666666666},"63":{"dtype":"number","min":0.006734006734006734,"max":0.14814814814814814},"64":{"dtype":"number","min":0.006734006734006734,"max":0.08754208754208753},"65":{"dtype":"number","min":0.02356902356902357,"max":0.23569023569023567},"66":{"dtype":"number","min":0.017957351290684622,"max":0.13916947250280584},"67":{"dtype":"number","min":0.0404040404040404,"max":0.14365881032547698},"68":{"dtype":"number","min":0.04489337822671156,"max":0.14814814814814814},"69":{"dtype":"number","min":0,"max":0.10416666666666666},"70":{"dtype":"number","min":0.006734006734006734,"max":0.14814814814814814},"71":{"dtype":"number","min":0.006734006734006734,"max":0.08754208754208753},"72":{"dtype":"number","min":0.02356902356902357,"max":0.23569023569023567},"73":{"dtype":"number","min":0.017957351290684622,"max":0.13916947250280584},"74":{"dtype":"number","min":0.0404040404040404,"max":0.14365881032547698},"75":{"dtype":"number","min":0.04489337822671156,"max":0.14814814814814814},"76":{"dtype":"number","min":0,"max":0.10416666666666666},"77":{"dtype":"number","min":0.006734006734006734,"max":0.14814814814814814},"78":{"dtype":"number","min":0.006734006734006734,"max":0.08754208754208753},"79":{"dtype":"number","min":0.02356902356902357,"max":0.23569023569023567},"80":{"dtype":"number","min":0.017957351290684622,"max":0.13916947250280584},"81":{"dtype":"number","min":0.0404040404040404,"max":0.14365881032547698},"82":{"dtype":"number","min":0.04489337822671156,"max":0.14814814814814814},"83":{"dtype":"number","min":0,"max":0.10416666666666666},"84":{"dtype":"number","min":0.006734006734006734,"max":0.14814814814814814},"85":{"dtype":"number","min":0.006734006734006734,"max":0.08754208754208753},"86":{"dtype":"number","min":0.02356902356902357,"max":0.23569023569023567},"87":{"dtype":"number","min":0.017957351290684622,"max":0.13916947250280584},"88":{"dtype":"number","min":0.0404040404040404,"max":0.14365881032547698},"89":{"dtype":"number","min":0.04489337822671156,"max":0.14814814814814814},"90":{"dtype":"number","min":0,"max":0.10416666666666666},"91":{"dtype":"number","min":0.006734006734006734,"max":0.14814814814814814},"92":{"dtype":"number","min":0.006734006734006734,"max":0.08754208754208753},"93":{"dtype":"number","min":0.02356902356902357,"max":0.23569023569023567},"94":{"dtype":"number","min":0.017957351290684622,"max":0.13916947250280584},"95":{"dtype":"number","min":0.0404040404040404,"max":0.14365881032547698},"96":{"dtype":"number","min":0.04489337822671156,"max":0.14814814814814814},"97":{"dtype":"number","min":0,"max":0.10416666666666666},"98":{"dtype":"number","min":0.006734006734006734,"max":0.14814814814814814},"99":{"dtype":"number","min":0.006734006734006734,"max":0.08754208754208753},"100":{"dtype":"number","min":0.02356902356902357,"max":0.23569023569023567},"101":{"dtype":"number","min":0.017957351290684622,"max":0.13916947250280584},"102":{"dtype":"number","min":0.0404040404040404,"max":0.14365881032547698},"103":{"dtype":"number","min":0.04489337822671156,"max":0.14814814814814814},"104":{"dtype":"number","min":0,"max":0.10416666666666666},"105":{"dtype":"number","min":0.006734006734006734,"max":0.14814814814814814},"106":{"dtype":"number","min":0.006734006734006734,"max":0.08754208754208753},"107":{"dtype":"number","min":0.02356902356902357,