{"inputUnits":[252],"outputUnits":7,"inputs":{"0":{"dtype":"number","min":0.002525252525252525,"max":0.05555555555555555},"1":{"dtype":"number","min":0.03535353535353536,"max":0.4595959595959596},"2":{"dtype":"number","min":0.015151515151515152,"max":0.1515151515151515},"3":{"dtype":"number","min":0.10101010101010102,"max":0.7828282828282829},"4":{"dtype":"number","min":0.1818181818181818,"max":0.6464646464646464},"5":{"dtype":"number","min":0.10101010101010101,"max":0.3333333333333333},"6":{"dtype":"number","min":0.015625,"max":0.75},"7":{"dtype":"number","min":0.002525252525252525,"max":0.05555555555555555},"8":{"dtype":"number","min":0.03535353535353536,"max":0.4595959595959596},"9":{"dtype":"number","min":0.015151515151515152,"max":0.1515151515151515},"10":{"dtype":"number","min":0.10101010101010102,"max":0.7828282828282829},"11":{"dtype":"number","min":0.1818181818181818,"max":0.6464646464646464},"12":{"dtype":"number","min":0.10101010101010101,"max":0.3333333333333333},"13":{"dtype":"number","min":0.015625,"max":0.75},"14":{"dtype":"number","min":0.002525252525252525,"max":0.05555555555555555},"15":{"dtype":"number","min":0.03535353535353536,"max":0.4595959595959596},"16":{"dtype":"number","min":0.015151515151515152,"max":0.1515151515151515},"17":{"dtype":"number","min":0.10101010101010102,"max":0.7828282828282829},"18":{"dtype":"number","min":0.1818181818181818,"max":0.6464646464646464},"19":{"dtype":"number","min":0.10101010101010101,"max":0.3333333333333333},"20":{"dtype":"number","min":0.015625,"max":0.75},"21":{"dtype":"number","min":0.002525252525252525,"max":0.05555555555555555},"22":{"dtype":"number","min":0.03535353535353536,"max":0.4595959595959596},"23":{"dtype":"number","min":0.015151515151515152,"max":0.1515151515151515},"24":{"dtype":"number","min":0.10101010101010102,"max":0.7828282828282829},"25":{"dtype":"number","min":0.1818181818181818,"max":0.6464646464646464},"26":{"dtype":"number","min":0.10101010101010101,"max":0.3333333333333333},"27":{"dtype":"number","min":0.015625,"max":0.75},"28":{"dtype":"number","min":0.002525252525252525,"max":0.05555555555555555},"29":{"dtype":"number","min":0.03535353535353536,"max":0.4595959595959596},"30":{"dtype":"number","min":0.015151515151515152,"max":0.1515151515151515},"31":{"dtype":"number","min":0.10101010101010102,"max":0.7828282828282829},"32":{"dtype":"number","min":0.1818181818181818,"max":0.6464646464646464},"33":{"dtype":"number","min":0.10101010101010101,"max":0.3333333333333333},"34":{"dtype":"number","min":0.015625,"max":0.75},"35":{"dtype":"number","min":0.002525252525252525,"max":0.05555555555555555},"36":{"dtype":"number","min":0.03535353535353536,"max":0.4595959595959596},"37":{"dtype":"number","min":0.015151515151515152,"max":0.1515151515151515},"38":{"dtype":"number","min":0.10101010101010102,"max":0.7828282828282829},"39":{"dtype":"number","min":0.1818181818181818,"max":0.6464646464646464},"40":{"dtype":"number","min":0.10101010101010101,"max":0.3333333333333333},"41":{"dtype":"number","min":0.015625,"max":0.75},"42":{"dtype":"number","min":0.002525252525252525,"max":0.05555555555555555},"43":{"dtype":"number","min":0.03535353535353536,"max":0.4595959595959596},"44":{"dtype":"number","min":0.015151515151515152,"max":0.1515151515151515},"45":{"dtype":"number","min":0.10101010101010102,"max":0.7828282828282829},"46":{"dtype":"number","min":0.1818181818181818,"max":0.6464646464646464},"47":{"dtype":"number","min":0.10101010101010101,"max":0.3333333333333333},"48":{"dtype":"number","min":0.015625,"max":0.75},"49":{"dtype":"number","min":0.002525252525252525,"max":0.05555555555555555},"50":{"dtype":"number","min":0.03535353535353536,"max":0.4595959595959596},"51":{"dtype":"number","min":0.015151515151515152,"max":0.1515151515151515},"52":{"dtype":"number","min":0.10101010101010102,"max":0.7828282828282829},"53":{"dtype":"number","min":0.1818181818181818,"max":0.6464646464646464},"54":{"dtype":"number","min":0.10101010101010101,"max":0.3333333333333333},"55":{"dtype":"number","min":0.015625,"max":0.75},"56":{"dtype":"number","min":0.002525252525252525,"max":0.05555555555555555},"57":{"dtype":"number","min":0.03535353535353536,"max":0.4595959595959596},"58":{"dtype":"number","min":0.015151515151515152,"max":0.1515151515151515},"59":{"dtype":"number","min":0.10101010101010102,"max":0.7828282828282829},"60":{"dtype":"number","min":0.1818181818181818,"max":0.6464646464646464},"61":{"dtype":"number","min":0.10101010101010101,"max":0.3333333333333333},"62":{"dtype":"number","min":0.015625,"max":0.75},"63":{"dtype":"number","min":0.002525252525252525,"max":0.05555555555555555},"64":{"dtype":"number","min":0.03535353535353536,"max":0.4595959595959596},"65":{"dtype":"number","min":0.015151515151515152,"max":0.1515151515151515},"66":{"dtype":"number","min":0.10101010101010102,"max":0.7828282828282829},"67":{"dtype":"number","min":0.1818181818181818,"max":0.6464646464646464},"68":{"dtype":"number","min":0.10101010101010101,"max":0.3333333333333333},"69":{"dtype":"number","min":0.015625,"max":0.75},"70":{"dtype":"number","min":0.002525252525252525,"max":0.05555555555555555},"71":{"dtype":"number","min":0.03535353535353536,"max":0.4595959595959596},"72":{"dtype":"number","min":0.015151515151515152,"max":0.1515151515151515},"73":{"dtype":"number","min":0.10101010101010102,"max":0.7828282828282829},"74":{"dtype":"number","min":0.1818181818181818,"max":0.6464646464646464},"75":{"dtype":"number","min":0.10101010101010101,"max":0.3333333333333333},"76":{"dtype":"number","min":0.015625,"max":0.75},"77":{"dtype":"number","min":0.002525252525252525,"max":0.05555555555555555},"78":{"dtype":"number","min":0.03535353535353536,"max":0.4595959595959596},"79":{"dtype":"number","min":0.015151515151515152,"max":0.1515151515151515},"80":{"dtype":"number","min":0.10101010101010102,"max":0.7828282828282829},"81":{"dtype":"number","min":0.1818181818181818,"max":0.6464646464646464},"82":{"dtype":"number","min":0.10101010101010101,"max":0.3333333333333333},"83":{"dtype":"number","min":0.015625,"max":0.75},"84":{"dtype":"number","min":0.002525252525252525,"max":0.05555555555555555},"85":{"dtype":"number","min":0.03535353535353536,"max":0.4595959595959596},"86":{"dtype":"number","min":0.015151515151515152,"max":0.1515151515151515},"87":{"dtype":"number","min":0.10101010101010102,"max":0.7828282828282829},"88":{"dtype":"number","min":0.1818181818181818,"max":0.6464646464646464},"89":{"dtype":"number","min":0.10101010101010101,"max":0.3333333333333333},"90":{"dtype":"number","min":0.015625,"max":0.75},"91":{"dtype":"number","min":0.002525252525252525,"max":0.05555555555555555},"92":{"dtype":"number","min":0.03535353535353536,"max":0.4595959595959596},"93":{"dtype":"number","min":0.015151515151515152,"max":0.1515151515151515},"94":{"dtype":"number","min":0.10101010101010102,"max":0.7828282828282829},"95":{"dtype":"number","min":0.1818181818181818,"max":0.6464646464646464},"96":{"dtype":"number","min":0.10101010101010101,"max":0.3333333333333333},"97":{"dtype":"number","min":0.015625,"max":0.75},"98":{"dtype":"number","min":0.002525252525252525,"max":0.05555555555555555},"99":{"dtype":"number","min":0.03535353535353536,"max":0.4595959595959596},"100":{"dtype":"number","min":0.015151515151515152,"max":0.1515151515151515},"101":{"dtype":"number","min":0.10101010101010102,"max":0.7828282828282829},"102":{"dtype":"number","min":0.1818181818181818,"max":0.6464646464646464},"103":{"dtype":"number","min":0.10101010101010101,"max":0.3333333333333333},"104":{"dtype":"number","min":0.015625,"max":0.75},"105":{"dtype":"number","min":0.002525252525252525,"max":0.05555555555555555},"106":{"dtype":"number","min":0.03535353535353536,"max":0.4595959595959596},"107":{"dtype":"number","min":0.015151515151515152,"max":0.1515151515151515},"108":{"dtype":"number","min":0.10101010101010102,"max":0.7828282828282829},"109":{"dtype":"number","min":0.1818181818181818,"max":0.6464646464646464},"110":{"dtype":"number",