{"inputUnits":[252],"outputUnits":7,"inputs":{"0":{"dtype":"number","min":0.00909090909090909,"max":0.19999999999999998},"1":{"dtype":"number","min":0.03636363636363636,"max":0.47272727272727266},"2":{"dtype":"number","min":0.009090909090909092,"max":0.09090909090909091},"3":{"dtype":"number","min":0.06060606060606061,"max":0.4696969696969697},"4":{"dtype":"number","min":0.1909090909090909,"max":0.6787878787878787},"5":{"dtype":"number","min":0.09090909090909091,"max":0.3},"6":{"dtype":"number","min":0.0125,"max":0.875},"7":{"dtype":"number","min":0.00909090909090909,"max":0.19999999999999998},"8":{"dtype":"number","min":0.03636363636363636,"max":0.47272727272727266},"9":{"dtype":"number","min":0.009090909090909092,"max":0.09090909090909091},"10":{"dtype":"number","min":0.06060606060606061,"max":0.4696969696969697},"11":{"dtype":"number","min":0.1909090909090909,"max":0.6787878787878787},"12":{"dtype":"number","min":0.09090909090909091,"max":0.3},"13":{"dtype":"number","min":0.0125,"max":0.875},"14":{"dtype":"number","min":0.00909090909090909,"max":0.19999999999999998},"15":{"dtype":"number","min":0.03636363636363636,"max":0.47272727272727266},"16":{"dtype":"number","min":0.009090909090909092,"max":0.09090909090909091},"17":{"dtype":"number","min":0.06060606060606061,"max":0.4696969696969697},"18":{"dtype":"number","min":0.1909090909090909,"max":0.6787878787878787},"19":{"dtype":"number","min":0.09090909090909091,"max":0.3},"20":{"dtype":"number","min":0.0125,"max":0.875},"21":{"dtype":"number","min":0.00909090909090909,"max":0.19999999999999998},"22":{"dtype":"number","min":0.03636363636363636,"max":0.47272727272727266},"23":{"dtype":"number","min":0.009090909090909092,"max":0.09090909090909091},"24":{"dtype":"number","min":0.06060606060606061,"max":0.4696969696969697},"25":{"dtype":"number","min":0.1909090909090909,"max":0.6787878787878787},"26":{"dtype":"number","min":0.09090909090909091,"max":0.3},"27":{"dtype":"number","min":0.0125,"max":0.875},"28":{"dtype":"number","min":0.00909090909090909,"max":0.19999999999999998},"29":{"dtype":"number","min":0.03636363636363636,"max":0.47272727272727266},"30":{"dtype":"number","min":0.009090909090909092,"max":0.09090909090909091},"31":{"dtype":"number","min":0.06060606060606061,"max":0.4696969696969697},"32":{"dtype":"number","min":0.1909090909090909,"max":0.6787878787878787},"33":{"dtype":"number","min":0.09090909090909091,"max":0.3},"34":{"dtype":"number","min":0.0125,"max":0.875},"35":{"dtype":"number","min":0.00909090909090909,"max":0.19999999999999998},"36":{"dtype":"number","min":0.03636363636363636,"max":0.47272727272727266},"37":{"dtype":"number","min":0.009090909090909092,"max":0.09090909090909091},"38":{"dtype":"number","min":0.06060606060606061,"max":0.4696969696969697},"39":{"dtype":"number","min":0.1909090909090909,"max":0.6787878787878787},"40":{"dtype":"number","min":0.09090909090909091,"max":0.3},"41":{"dtype":"number","min":0.0125,"max":0.875},"42":{"dtype":"number","min":0.00909090909090909,"max":0.19999999999999998},"43":{"dtype":"number","min":0.03636363636363636,"max":0.47272727272727266},"44":{"dtype":"number","min":0.009090909090909092,"max":0.09090909090909091},"45":{"dtype":"number","min":0.06060606060606061,"max":0.4696969696969697},"46":{"dtype":"number","min":0.1909090909090909,"max":0.6787878787878787},"47":{"dtype":"number","min":0.09090909090909091,"max":0.3},"48":{"dtype":"number","min":0.0125,"max":0.875},"49":{"dtype":"number","min":0.00909090909090909,"max":0.19999999999999998},"50":{"dtype":"number","min":0.03636363636363636,"max":0.47272727272727266},"51":{"dtype":"number","min":0.009090909090909092,"max":0.09090909090909091},"52":{"dtype":"number","min":0.06060606060606061,"max":0.4696969696969697},"53":{"dtype":"number","min":0.1909090909090909,"max":0.6787878787878787},"54":{"dtype":"number","min":0.09090909090909091,"max":0.3},"55":{"dtype":"number","min":0.0125,"max":0.875},"56":{"dtype":"number","min":0.00909090909090909,"max":0.19999999999999998},"57":{"dtype":"number","min":0.03636363636363636,"max":0.47272727272727266},"58":{"dtype":"number","min":0.009090909090909092,"max":0.09090909090909091},"59":{"dtype":"number","min":0.06060606060606061,"max":0.4696969696969697},"60":{"dtype":"number","min":0.1909090909090909,"max":0.6787878787878787},"61":{"dtype":"number","min":0.09090909090909091,"max":0.3},"62":{"dtype":"number","min":0.0125,"max":0.875},"63":{"dtype":"number","min":0.00909090909090909,"max":0.19999999999999998},"64":{"dtype":"number","min":0.03636363636363636,"max":0.47272727272727266},"65":{"dtype":"number","min":0.009090909090909092,"max":0.09090909090909091},"66":{"dtype":"number","min":0.06060606060606061,"max":0.4696969696969697},"67":{"dtype":"number","min":0.1909090909090909,"max":0.6787878787878787},"68":{"dtype":"number","min":0.09090909090909091,"max":0.3},"69":{"dtype":"number","min":0.0125,"max":0.875},"70":{"dtype":"number","min":0.00909090909090909,"max":0.19999999999999998},"71":{"dtype":"number","min":0.03636363636363636,"max":0.47272727272727266},"72":{"dtype":"number","min":0.009090909090909092,"max":0.09090909090909091},"73":{"dtype":"number","min":0.06060606060606061,"max":0.4696969696969697},"74":{"dtype":"number","min":0.1909090909090909,"max":0.6787878787878787},"75":{"dtype":"number","min":0.09090909090909091,"max":0.3},"76":{"dtype":"number","min":0.0125,"max":0.875},"77":{"dtype":"number","min":0.00909090909090909,"max":0.19999999999999998},"78":{"dtype":"number","min":0.03636363636363636,"max":0.47272727272727266},"79":{"dtype":"number","min":0.009090909090909092,"max":0.09090909090909091},"80":{"dtype":"number","min":0.06060606060606061,"max":0.4696969696969697},"81":{"dtype":"number","min":0.1909090909090909,"max":0.6787878787878787},"82":{"dtype":"number","min":0.09090909090909091,"max":0.3},"83":{"dtype":"number","min":0.0125,"max":0.875},"84":{"dtype":"number","min":0.00909090909090909,"max":0.19999999999999998},"85":{"dtype":"number","min":0.03636363636363636,"max":0.47272727272727266},"86":{"dtype":"number","min":0.009090909090909092,"max":0.09090909090909091},"87":{"dtype":"number","min":0.06060606060606061,"max":0.4696969696969697},"88":{"dtype":"number","min":0.1909090909090909,"max":0.6787878787878787},"89":{"dtype":"number","min":0.09090909090909091,"max":0.3},"90":{"dtype":"number","min":0.0125,"max":0.875},"91":{"dtype":"number","min":0.00909090909090909,"max":0.19999999999999998},"92":{"dtype":"number","min":0.03636363636363636,"max":0.47272727272727266},"93":{"dtype":"number","min":0.009090909090909092,"max":0.09090909090909091},"94":{"dtype":"number","min":0.06060606060606061,"max":0.4696969696969697},"95":{"dtype":"number","min":0.1909090909090909,"max":0.6787878787878787},"96":{"dtype":"number","min":0.09090909090909091,"max":0.3},"97":{"dtype":"number","min":0.0125,"max":0.875},"98":{"dtype":"number","min":0.00909090909090909,"max":0.19999999999999998},"99":{"dtype":"number","min":0.03636363636363636,"max":0.47272727272727266},"100":{"dtype":"number","min":0.009090909090909092,"max":0.09090909090909091},"101":{"dtype":"number","min":0.06060606060606061,"max":0.4696969696969697},"102":{"dtype":"number","min":0.1909090909090909,"max":0.6787878787878787},"103":{"dtype":"number","min":0.09090909090909091,"max":0.3},"104":{"dtype":"number","min":0.0125,"max":0.875},"105":{"dtype":"number","min":0.00909090909090909,"max":0.19999999999999998},"106":{"dtype":"number","min":0.03636363636363636,"max":0.47272727272727266},"107":{"dtype":"number","min":0.009090909090909092,"max":0.09090909090909091},"108":{"dtype":"number","min":0.06060606060606061,"max":0.4696969696969697},"109":{"dtype":"number","min":0.1909090909090909,"max":0.6787878787878787},"110":{"dtype":"number","min":0.09090909090909091,"max":0.3},"111":{"dtype":"number","min":0.0125,"max":0.875},"112":{"dtype":"number","min":0.00909090909090909,"max":0.19999999999999998},"113":{"dtype":"number","min":0.03636363636363636,"max":0.47272727272727266},