{"inputUnits":[252],"outputUnits":7,"inputs":{"0":{"dtype":"number","min":0.008264462809917356,"max":0.1818181818181818},"1":{"dtype":"number","min":0.03856749311294766,"max":0.5013774104683195},"2":{"dtype":"number","min":0.008264462809917356,"max":0.08264462809917356},"3":{"dtype":"number","min":0.06611570247933884,"max":0.512396694214876},"4":{"dtype":"number","min":0.17355371900826444,"max":0.6170798898071626},"5":{"dtype":"number","min":0.08264462809917356,"max":0.2727272727272727},"6":{"dtype":"number","min":0.015625,"max":0.75},"7":{"dtype":"number","min":0.008264462809917356,"max":0.1818181818181818},"8":{"dtype":"number","min":0.03856749311294766,"max":0.5013774104683195},"9":{"dtype":"number","min":0.008264462809917356,"max":0.08264462809917356},"10":{"dtype":"number","min":0.06611570247933884,"max":0.512396694214876},"11":{"dtype":"number","min":0.17355371900826444,"max":0.6170798898071626},"12":{"dtype":"number","min":0.08264462809917356,"max":0.2727272727272727},"13":{"dtype":"number","min":0.015625,"max":0.75},"14":{"dtype":"number","min":0.008264462809917356,"max":0.1818181818181818},"15":{"dtype":"number","min":0.03856749311294766,"max":0.5013774104683195},"16":{"dtype":"number","min":0.008264462809917356,"max":0.08264462809917356},"17":{"dtype":"number","min":0.06611570247933884,"max":0.512396694214876},"18":{"dtype":"number","min":0.17355371900826444,"max":0.6170798898071626},"19":{"dtype":"number","min":0.08264462809917356,"max":0.2727272727272727},"20":{"dtype":"number","min":0.015625,"max":0.75},"21":{"dtype":"number","min":0.008264462809917356,"max":0.1818181818181818},"22":{"dtype":"number","min":0.03856749311294766,"max":0.5013774104683195},"23":{"dtype":"number","min":0.008264462809917356,"max":0.08264462809917356},"24":{"dtype":"number","min":0.06611570247933884,"max":0.512396694214876},"25":{"dtype":"number","min":0.17355371900826444,"max":0.6170798898071626},"26":{"dtype":"number","min":0.08264462809917356,"max":0.2727272727272727},"27":{"dtype":"number","min":0.015625,"max":0.75},"28":{"dtype":"number","min":0.008264462809917356,"max":0.1818181818181818},"29":{"dtype":"number","min":0.03856749311294766,"max":0.5013774104683195},"30":{"dtype":"number","min":0.008264462809917356,"max":0.08264462809917356},"31":{"dtype":"number","min":0.06611570247933884,"max":0.512396694214876},"32":{"dtype":"number","min":0.17355371900826444,"max":0.6170798898071626},"33":{"dtype":"number","min":0.08264462809917356,"max":0.2727272727272727},"34":{"dtype":"number","min":0.015625,"max":0.75},"35":{"dtype":"number","min":0.008264462809917356,"max":0.1818181818181818},"36":{"dtype":"number","min":0.03856749311294766,"max":0.5013774104683195},"37":{"dtype":"number","min":0.008264462809917356,"max":0.08264462809917356},"38":{"dtype":"number","min":0.06611570247933884,"max":0.512396694214876},"39":{"dtype":"number","min":0.17355371900826444,"max":0.6170798898071626},"40":{"dtype":"number","min":0.08264462809917356,"max":0.2727272727272727},"41":{"dtype":"number","min":0.015625,"max":0.75},"42":{"dtype":"number","min":0.008264462809917356,"max":0.1818181818181818},"43":{"dtype":"number","min":0.03856749311294766,"max":0.5013774104683195},"44":{"dtype":"number","min":0.008264462809917356,"max":0.08264462809917356},"45":{"dtype":"number","min":0.06611570247933884,"max":0.512396694214876},"46":{"dtype":"number","min":0.17355371900826444,"max":0.6170798898071626},"47":{"dtype":"number","min":0.08264462809917356,"max":0.2727272727272727},"48":{"dtype":"number","min":0.015625,"max":0.75},"49":{"dtype":"number","min":0.008264462809917356,"max":0.1818181818181818},"50":{"dtype":"number","min":0.03856749311294766,"max":0.5013774104683195},"51":{"dtype":"number","min":0.008264462809917356,"max":0.08264462809917356},"52":{"dtype":"number","min":0.06611570247933884,"max":0.512396694214876},"53":{"dtype":"number","min":0.17355371900826444,"max":0.6170798898071626},"54":{"dtype":"number","min":0.08264462809917356,"max":0.2727272727272727},"55":{"dtype":"number","min":0.015625,"max":0.75},"56":{"dtype":"number","min":0.008264462809917356,"max":0.1818181818181818},"57":{"dtype":"number","min":0.03856749311294766,"max":0.5013774104683195},"58":{"dtype":"number","min":0.008264462809917356,"max":0.08264462809917356},"59":{"dtype":"number","min":0.06611570247933884,"max":0.512396694214876},"60":{"dtype":"number","min":0.17355371900826444,"max":0.6170798898071626},"61":{"dtype":"number","min":0.08264462809917356,"max":0.2727272727272727},"62":{"dtype":"number","min":0.015625,"max":0.75},"63":{"dtype":"number","min":0.008264462809917356,"max":0.1818181818181818},"64":{"dtype":"number","min":0.03856749311294766,"max":0.5013774104683195},"65":{"dtype":"number","min":0.008264462809917356,"max":0.08264462809917356},"66":{"dtype":"number","min":0.06611570247933884,"max":0.512396694214876},"67":{"dtype":"number","min":0.17355371900826444,"max":0.6170798898071626},"68":{"dtype":"number","min":0.08264462809917356,"max":0.2727272727272727},"69":{"dtype":"number","min":0.015625,"max":0.75},"70":{"dtype":"number","min":0.008264462809917356,"max":0.1818181818181818},"71":{"dtype":"number","min":0.03856749311294766,"max":0.5013774104683195},"72":{"dtype":"number","min":0.008264462809917356,"max":0.08264462809917356},"73":{"dtype":"number","min":0.06611570247933884,"max":0.512396694214876},"74":{"dtype":"number","min":0.17355371900826444,"max":0.6170798898071626},"75":{"dtype":"number","min":0.08264462809917356,"max":0.2727272727272727},"76":{"dtype":"number","min":0.015625,"max":0.75},"77":{"dtype":"number","min":0.008264462809917356,"max":0.1818181818181818},"78":{"dtype":"number","min":0.03856749311294766,"max":0.5013774104683195},"79":{"dtype":"number","min":0.008264462809917356,"max":0.08264462809917356},"80":{"dtype":"number","min":0.06611570247933884,"max":0.512396694214876},"81":{"dtype":"number","min":0.17355371900826444,"max":0.6170798898071626},"82":{"dtype":"number","min":0.08264462809917356,"max":0.2727272727272727},"83":{"dtype":"number","min":0.015625,"max":0.75},"84":{"dtype":"number","min":0.008264462809917356,"max":0.1818181818181818},"85":{"dtype":"number","min":0.03856749311294766,"max":0.5013774104683195},"86":{"dtype":"number","min":0.008264462809917356,"max":0.08264462809917356},"87":{"dtype":"number","min":0.06611570247933884,"max":0.512396694214876},"88":{"dtype":"number","min":0.17355371900826444,"max":0.6170798898071626},"89":{"dtype":"number","min":0.08264462809917356,"max":0.2727272727272727},"90":{"dtype":"number","min":0.015625,"max":0.75},"91":{"dtype":"number","min":0.008264462809917356,"max":0.1818181818181818},"92":{"dtype":"number","min":0.03856749311294766,"max":0.5013774104683195},"93":{"dtype":"number","min":0.008264462809917356,"max":0.08264462809917356},"94":{"dtype":"number","min":0.06611570247933884,"max":0.512396694214876},"95":{"dtype":"number","min":0.17355371900826444,"max":0.6170798898071626},"96":{"dtype":"number","min":0.08264462809917356,"max":0.2727272727272727},"97":{"dtype":"number","min":0.015625,"max":0.75},"98":{"dtype":"number","min":0.008264462809917356,"max":0.1818181818181818},"99":{"dtype":"number","min":0.03856749311294766,"max":0.5013774104683195},"100":{"dtype":"number","min":0.008264462809917356,"max":0.08264462809917356},"101":{"dtype":"number","min":0.06611570247933884,"max":0.512396694214876},"102":{"dtype":"number","min":0.17355371900826444,"max":0.6170798898071626},"103":{"dtype":"number","min":0.08264462809917356,"max":0.2727272727272727},"104":{"dtype":"number","min":0.015625,"max":0.75},"105":{"dtype":"number","min":0.008264462809917356,"max":0.1818181818181818},"106":{"dtype":"number","min":0.03856749311294766,"max":0.5013774104683195},"107":{"dtype":"number","min":0.008264462809917356,"max":0.08264462809917356},"108":{"dtype":"number","min":0.06611570247933884,"max":0.512396694214876},"109":{"dtype":"number","min":0.17355371900826444,"max":0.6170798898071626},"110":{"dtype":"number",