{
  "inputUnits": [189],
  "outputUnits": 7,
  "inputs": {
    "0": {
      "dtype": "number",
      "min": 0.030303030303030304,
      "max": 0.6666666666666666
    },
    "1": {
      "dtype": "number",
      "min": 0.06060606060606061,
      "max": 0.7878787878787878
    },
    "2": {
      "dtype": "number",
      "min": 0.09090909090909091,
      "max": 0.9090909090909091
    },
    "3": {
      "dtype": "number",
      "min": 0.12121212121212122,
      "max": 0.9393939393939394
    },
    "4": {
      "dtype": "number",
      "min": 0.2727272727272727,
      "max": 0.9696969696969697
    },
    "5": { "dtype": "number", "min": 0.30303030303030304, "max": 1 },
    "6": { "dtype": "number", "min": 0.0625, "max": 1 },
    "7": {
      "dtype": "number",
      "min": 0.030303030303030304,
      "max": 0.6666666666666666
    },
    "8": {
      "dtype": "number",
      "min": 0.06060606060606061,
      "max": 0.7878787878787878
    },
    "9": {
      "dtype": "number",
      "min": 0.09090909090909091,
      "max": 0.9090909090909091
    },
    "10": {
      "dtype": "number",
      "min": 0.12121212121212122,
      "max": 0.9393939393939394
    },
    "11": {
      "dtype": "number",
      "min": 0.2727272727272727,
      "max": 0.9696969696969697
    },
    "12": { "dtype": "number", "min": 0.30303030303030304, "max": 1 },
    "13": { "dtype": "number", "min": 0.0625, "max": 1 },
    "14": {
      "dtype": "number",
      "min": 0.030303030303030304,
      "max": 0.6666666666666666
    },
    "15": {
      "dtype": "number",
      "min": 0.06060606060606061,
      "max": 0.7878787878787878
    },
    "16": {
      "dtype": "number",
      "min": 0.09090909090909091,
      "max": 0.9090909090909091
    },
    "17": {
      "dtype": "number",
      "min": 0.12121212121212122,
      "max": 0.9393939393939394
    },
    "18": {
      "dtype": "number",
      "min": 0.2727272727272727,
      "max": 0.9696969696969697
    },
    "19": { "dtype": "number", "min": 0.30303030303030304, "max": 1 },
    "20": { "dtype": "number", "min": 0.0625, "max": 1 },
    "21": {
      "dtype": "number",
      "min": 0.030303030303030304,
      "max": 0.6666666666666666
    },
    "22": {
      "dtype": "number",
      "min": 0.06060606060606061,
      "max": 0.7878787878787878
    },
    "23": {
      "dtype": "number",
      "min": 0.09090909090909091,
      "max": 0.9090909090909091
    },
    "24": {
      "dtype": "number",
      "min": 0.12121212121212122,
      "max": 0.9393939393939394
    },
    "25": {
      "dtype": "number",
      "min": 0.2727272727272727,
      "max": 0.9696969696969697
    },
    "26": { "dtype": "number", "min": 0.30303030303030304, "max": 1 },
    "27": { "dtype": "number", "min": 0.0625, "max": 1 },
    "28": {
      "dtype": "number",
      "min": 0.030303030303030304,
      "max": 0.6666666666666666
    },
    "29": {
      "dtype": "number",
      "min": 0.06060606060606061,
      "max": 0.7878787878787878
    },
    "30": {
      "dtype": "number",
      "min": 0.09090909090909091,
      "max": 0.9090909090909091
    },
    "31": {
      "dtype": "number",
      "min": 0.12121212121212122,
      "max": 0.9393939393939394
    },
    "32": {
      "dtype": "number",
      "min": 0.2727272727272727,
      "max": 0.9696969696969697
    },
    "33": { "dtype": "number", "min": 0.30303030303030304, "max": 1 },
    "34": { "dtype": "number", "min": 0.0625, "max": 1 },
    "35": {
      "dtype": "number",
      "min": 0.030303030303030304,
      "max": 0.6666666666666666
    },
    "36": {
      "dtype": "number",
      "min": 0.06060606060606061,
      "max": 0.7878787878787878
    },
    "37": {
      "dtype": "number",
      "min": 0.09090909090909091,
      "max": 0.9090909090909091
    },
    "38": {
      "dtype": "number",
      "min": 0.12121212121212122,
      "max": 0.9393939393939394
    },
    "39": {
      "dtype": "number",
      "min": 0.2727272727272727,
      "max": 0.9696969696969697
    },
    "40": { "dtype": "number", "min": 0.30303030303030304, "max": 1 },
    "41": { "dtype": "number", "min": 0.0625, "max": 1 },
    "42": {
      "dtype": "number",
      "min": 0.030303030303030304,
      "max": 0.6666666666666666
    },
    "43": {
      "dtype": "number",
      "min": 0.06060606060606061,
      "max": 0.7878787878787878
    },
    "44": {
      "dtype": "number",
      "min": 0.09090909090909091,
      "max": 0.9090909090909091
    },
    "45": {
      "dtype": "number",
      "min": 0.12121212121212122,
      "max": 0.9393939393939394
    },
    "46": {
      "dtype": "number",
      "min": 0.2727272727272727,
      "max": 0.9696969696969697
    },
    "47": { "dtype": "number", "min": 0.30303030303030304, "max": 1 },
    "48": { "dtype": "number", "min": 0.0625, "max": 1 },
    "49": {
      "dtype": "number",
      "min": 0.030303030303030304,
      "max": 0.6666666666666666
    },
    "50": {
      "dtype": "number",
      "min": 0.06060606060606061,
      "max": 0.7878787878787878
    },
    "51": {
      "dtype": "number",
      "min": 0.09090909090909091,
      "max": 0.9090909090909091
    },
    "52": {
      "dtype": "number",
      "min": 0.12121212121212122,
      "max": 0.9393939393939394
    },
    "53": {
      "dtype": "number",
      "min": 0.2727272727272727,
      "max": 0.9696969696969697
    },
    "54": { "dtype": "number", "min": 0.30303030303030304, "max": 1 },
    "55": { "dtype": "number", "min": 0.0625, "max": 1 },
    "56": {
      "dtype": "number",
      "min": 0.030303030303030304,
      "max": 0.6666666666666666
    },
    "57": {
      "dtype": "number",
      "min": 0.06060606060606061,
      "max": 0.7878787878787878
    },
    "58": {
      "dtype": "number",
      "min": 0.09090909090909091,
      "max": 0.9090909090909091
    },
    "59": {
      "dtype": "number",
      "min": 0.12121212121212122,
      "max": 0.9393939393939394
    },
    "60": {
      "dtype": "number",
      "min": 0.2727272727272727,
      "max": 0.9696969696969697
    },
    "61": { "dtype": "number", "min": 0.30303030303030304, "max": 1 },
    "62": { "dtype": "number", "min": 0.0625, "max": 1 },
    "63": {
      "dtype": "number",
      "min": 0.030303030303030304,
      "max": 0.6666666666666666
    },
    "64": {
      "dtype": "number",
      "min": 0.06060606060606061,
      "max": 0.7878787878787878
    },
    "65": {
      "dtype": "number",
      "min": 0.09090909090909091,
      "max": 0.9090909090909091
    },
    "66": {
      "dtype": "number",
      "min": 0.12121212121212122,
      "max": 0.9393939393939394
    },
    "67": {
      "dtype": "number",
      "min": 0.2727272727272727,
      "max": 0.9696969696969697
    },
    "68": { "dtype": "number", "min": 0.30303030303030304, "max": 1 },
    "69": { "dtype": "number", "min": 0.0625, "max": 1 },
    "70": {
      "dtype": "number",
      "min": 0.030303030303030304,
      "max": 0.6666666666666666
    },
    "71": {
      "dtype": "number",
      "min": 0.06060606060606061,
      "max": 0.7878787878787878
    },
    "72": {
      "dtype": "number",
      "min": 0.09090909090909091,
      "max": 0.9090909090909091
    },
    "73": {
      "dtype": "number",
      "min": 0.12121212121212122,
      "max": 0.9393939393939394
    },
    "74": {
      "dtype": "number",
      "min": 0.2727272727272727,
      "max": 0.9696969696969697
    },
    "75": { "dtype": "number", "min": 0.30303030303030304, "max": 1 },
    "76": { "dtype": "number", "min": 0.0625, "max": 1 },
    "77": {
      "dtype": "number",
      "min": 0.030303030303030304,
      "max": 0.6666666666666666
    },
    "78": {
      "dtype": "number",
      "min": 0.06060606060606061,
      "max": 0.7878787878787878
    },
    "79": {
      "dtype": "number",
      "min": 0.09090909090909091,
      "max": 0.9090909090909091
    },
    "80": {
      "dtype": "number",
      "min": 0.12121212121212122,
      "max": 0.9393939393939394
    },
    "81": {
      "dtype": "number",