{"inputUnits":[252],"outputUnits":7,"inputs":{"0":{"dtype":"number","min":0.002331002331002331,"max":0.05128205128205128},"1":{"dtype":"number","min":0.04195804195804196,"max":0.5454545454545454},"2":{"dtype":"number","min":0.02097902097902098,"max":0.2097902097902098},"3":{"dtype":"number","min":0.1118881118881119,"max":0.8671328671328672},"4":{"dtype":"number","min":0.1888111888111888,"max":0.6713286713286714},"5":{"dtype":"number","min":0.11655011655011656,"max":0.38461538461538464},"6":{"dtype":"number","min":0.015625,"max":0.75},"7":{"dtype":"number","min":0.002331002331002331,"max":0.05128205128205128},"8":{"dtype":"number","min":0.04195804195804196,"max":0.5454545454545454},"9":{"dtype":"number","min":0.02097902097902098,"max":0.2097902097902098},"10":{"dtype":"number","min":0.1118881118881119,"max":0.8671328671328672},"11":{"dtype":"number","min":0.1888111888111888,"max":0.6713286713286714},"12":{"dtype":"number","min":0.11655011655011656,"max":0.38461538461538464},"13":{"dtype":"number","min":0.015625,"max":0.75},"14":{"dtype":"number","min":0.002331002331002331,"max":0.05128205128205128},"15":{"dtype":"number","min":0.04195804195804196,"max":0.5454545454545454},"16":{"dtype":"number","min":0.02097902097902098,"max":0.2097902097902098},"17":{"dtype":"number","min":0.1118881118881119,"max":0.8671328671328672},"18":{"dtype":"number","min":0.1888111888111888,"max":0.6713286713286714},"19":{"dtype":"number","min":0.11655011655011656,"max":0.38461538461538464},"20":{"dtype":"number","min":0.015625,"max":0.75},"21":{"dtype":"number","min":0.002331002331002331,"max":0.05128205128205128},"22":{"dtype":"number","min":0.04195804195804196,"max":0.5454545454545454},"23":{"dtype":"number","min":0.02097902097902098,"max":0.2097902097902098},"24":{"dtype":"number","min":0.1118881118881119,"max":0.8671328671328672},"25":{"dtype":"number","min":0.1888111888111888,"max":0.6713286713286714},"26":{"dtype":"number","min":0.11655011655011656,"max":0.38461538461538464},"27":{"dtype":"number","min":0.015625,"max":0.75},"28":{"dtype":"number","min":0.002331002331002331,"max":0.05128205128205128},"29":{"dtype":"number","min":0.04195804195804196,"max":0.5454545454545454},"30":{"dtype":"number","min":0.02097902097902098,"max":0.2097902097902098},"31":{"dtype":"number","min":0.1118881118881119,"max":0.8671328671328672},"32":{"dtype":"number","min":0.1888111888111888,"max":0.6713286713286714},"33":{"dtype":"number","min":0.11655011655011656,"max":0.38461538461538464},"34":{"dtype":"number","min":0.015625,"max":0.75},"35":{"dtype":"number","min":0.002331002331002331,"max":0.05128205128205128},"36":{"dtype":"number","min":0.04195804195804196,"max":0.5454545454545454},"37":{"dtype":"number","min":0.02097902097902098,"max":0.2097902097902098},"38":{"dtype":"number","min":0.1118881118881119,"max":0.8671328671328672},"39":{"dtype":"number","min":0.1888111888111888,"max":0.6713286713286714},"40":{"dtype":"number","min":0.11655011655011656,"max":0.38461538461538464},"41":{"dtype":"number","min":0.015625,"max":0.75},"42":{"dtype":"number","min":0.002331002331002331,"max":0.05128205128205128},"43":{"dtype":"number","min":0.04195804195804196,"max":0.5454545454545454},"44":{"dtype":"number","min":0.02097902097902098,"max":0.2097902097902098},"45":{"dtype":"number","min":0.1118881118881119,"max":0.8671328671328672},"46":{"dtype":"number","min":0.1888111888111888,"max":0.6713286713286714},"47":{"dtype":"number","min":0.11655011655011656,"max":0.38461538461538464},"48":{"dtype":"number","min":0.015625,"max":0.75},"49":{"dtype":"number","min":0.002331002331002331,"max":0.05128205128205128},"50":{"dtype":"number","min":0.04195804195804196,"max":0.5454545454545454},"51":{"dtype":"number","min":0.02097902097902098,"max":0.2097902097902098},"52":{"dtype":"number","min":0.1118881118881119,"max":0.8671328671328672},"53":{"dtype":"number","min":0.1888111888111888,"max":0.6713286713286714},"54":{"dtype":"number","min":0.11655011655011656,"max":0.38461538461538464},"55":{"dtype":"number","min":0.015625,"max":0.75},"56":{"dtype":"number","min":0.002331002331002331,"max":0.05128205128205128},"57":{"dtype":"number","min":0.04195804195804196,"max":0.5454545454545454},"58":{"dtype":"number","min":0.02097902097902098,"max":0.2097902097902098},"59":{"dtype":"number","min":0.1118881118881119,"max":0.8671328671328672},"60":{"dtype":"number","min":0.1888111888111888,"max":0.6713286713286714},"61":{"dtype":"number","min":0.11655011655011656,"max":0.38461538461538464},"62":{"dtype":"number","min":0.015625,"max":0.75},"63":{"dtype":"number","min":0.002331002331002331,"max":0.05128205128205128},"64":{"dtype":"number","min":0.04195804195804196,"max":0.5454545454545454},"65":{"dtype":"number","min":0.02097902097902098,"max":0.2097902097902098},"66":{"dtype":"number","min":0.1118881118881119,"max":0.8671328671328672},"67":{"dtype":"number","min":0.1888111888111888,"max":0.6713286713286714},"68":{"dtype":"number","min":0.11655011655011656,"max":0.38461538461538464},"69":{"dtype":"number","min":0.015625,"max":0.75},"70":{"dtype":"number","min":0.002331002331002331,"max":0.05128205128205128},"71":{"dtype":"number","min":0.04195804195804196,"max":0.5454545454545454},"72":{"dtype":"number","min":0.02097902097902098,"max":0.2097902097902098},"73":{"dtype":"number","min":0.1118881118881119,"max":0.8671328671328672},"74":{"dtype":"number","min":0.1888111888111888,"max":0.6713286713286714},"75":{"dtype":"number","min":0.11655011655011656,"max":0.38461538461538464},"76":{"dtype":"number","min":0.015625,"max":0.75},"77":{"dtype":"number","min":0.002331002331002331,"max":0.05128205128205128},"78":{"dtype":"number","min":0.04195804195804196,"max":0.5454545454545454},"79":{"dtype":"number","min":0.02097902097902098,"max":0.2097902097902098},"80":{"dtype":"number","min":0.1118881118881119,"max":0.8671328671328672},"81":{"dtype":"number","min":0.1888111888111888,"max":0.6713286713286714},"82":{"dtype":"number","min":0.11655011655011656,"max":0.38461538461538464},"83":{"dtype":"number","min":0.015625,"max":0.75},"84":{"dtype":"number","min":0.002331002331002331,"max":0.05128205128205128},"85":{"dtype":"number","min":0.04195804195804196,"max":0.5454545454545454},"86":{"dtype":"number","min":0.02097902097902098,"max":0.2097902097902098},"87":{"dtype":"number","min":0.1118881118881119,"max":0.8671328671328672},"88":{"dtype":"number","min":0.1888111888111888,"max":0.6713286713286714},"89":{"dtype":"number","min":0.11655011655011656,"max":0.38461538461538464},"90":{"dtype":"number","min":0.015625,"max":0.75},"91":{"dtype":"number","min":0.002331002331002331,"max":0.05128205128205128},"92":{"dtype":"number","min":0.04195804195804196,"max":0.5454545454545454},"93":{"dtype":"number","min":0.02097902097902098,"max":0.2097902097902098},"94":{"dtype":"number","min":0.1118881118881119,"max":0.8671328671328672},"95":{"dtype":"number","min":0.1888111888111888,"max":0.6713286713286714},"96":{"dtype":"number","min":0.11655011655011656,"max":0.38461538461538464},"97":{"dtype":"number","min":0.015625,"max":0.75},"98":{"dtype":"number","min":0.002331002331002331,"max":0.05128205128205128},"99":{"dtype":"number","min":0.04195804195804196,"max":0.5454545454545454},"100":{"dtype":"number","min":0.02097902097902098,"max":0.2097902097902098},"101":{"dtype":"number","min":0.1118881118881119,"max":0.8671328671328672},"102":{"dtype":"number","min":0.1888111888111888,"max":0.6713286713286714},"103":{"dtype":"number","min":0.11655011655011656,"max":0.38461538461538464},"104":{"dtype":"number","min":0.015625,"max":0.75},"105":{"dtype":"number","min":0.002331002331002331,"max":0.05128205128205128},"106":{"dtype":"number","min":0.04195804195804196,"max":0.5454545454545454},"107":{"dtype":"number","min":0.02097902097902098,"max":0.2097902097902098},"108":{"dtype":"number","min":0.1118881118881119,"max":0.8671328671328672},"109":{"dtype":"number","min":0.1888111888111888,"max":0.6713286713286714},"110":{"dtype":"number","min":0.11655011655011656,